<?xml version="1.0" encoding="UTF-8" standalone="yes"?>
<Spele Laiks="2016/01/11" Skatitaji="6740" Vieta="Newlands Stadium">
    <Komanda Nosaukums="Barcelona">
        <Speletaji>
            <Speletajs Loma="V" Uzvards="Sam" Vards="Sidney" Nr="16"/>
            <Speletajs Loma="A" Uzvards="Cisovsky" Vards="Marian" Nr="17"/>
            <Speletajs Loma="U" Uzvards="Verratti" Vards="Marco" Nr="24"/>
            <Speletajs Loma="A" Uzvards="Hummels" Vards="Mats" Nr="27"/>
            <Speletajs Loma="U" Uzvards="Quintero" Vards="Juan" Nr="33"/>
            <Speletajs Loma="U" Uzvards="Díaz" Vards="Marcelo" Nr="37"/>
            <Speletajs Loma="A" Uzvards="Criscito" Vards="Domenico" Nr="39"/>
            <Speletajs Loma="A" Uzvards="Filip" Vards="Lucian" Nr="55"/>
            <Speletajs Loma="V" Uzvards="Saviola" Vards="Javier" Nr="56"/>
            <Speletajs Loma="A" Uzvards="Streller" Vards="Marco" Nr="64"/>
            <Speletajs Loma="U" Uzvards="Weidenfeller" Vards="Roman" Nr="73"/>
            <Speletajs Loma="A" Uzvards="Amelia" Vards="Marco" Nr="75"/>
            <Speletajs Loma="A" Uzvards="Sandro" Vards="Alex" Nr="84"/>
            <Speletajs Loma="U" Uzvards="Djuricic" Vards="Filip" Nr="89"/>
            <Speletajs Loma="A" Uzvards="Varela" Vards="Silvestre" Nr="94"/>
            <Speletajs Loma="A" Uzvards="Sauro" Vards="Gastón" Nr="96"/>
        </Speletaji>
        <Mainas>
            <Maina Laiks="23:34" Nr1="16" Nr2="64"/>
        </Mainas>
        <Pamatsastavs>
            <Speletajs Nr="37"/>
            <Speletajs Nr="75"/>
            <Speletajs Nr="73"/>
            <Speletajs Nr="16"/>
            <Speletajs Nr="24"/>
            <Speletajs Nr="96"/>
            <Speletajs Nr="55"/>
            <Speletajs Nr="89"/>
            <Speletajs Nr="27"/>
        </Pamatsastavs>
        <Sodi>
            <Sods Laiks="41:40" Nr="27"/>
            <Sods Laiks="56:24" Nr="96"/>
        </Sodi>
        <Varti>
            <VG Laiks="06:09" Nr="24" Sitiens="N">
                <P Nr="96"/>
                <P Nr="55"/>
            </VG>
            <VG Laiks="11:07" Nr="73" Sitiens="N">
                <P Nr="24"/>
                <P Nr="37"/>
                <P Nr="16"/>
            </VG>
        </Varti>
    </Komanda>
    <Komanda Nosaukums="Skolmeistari">
        <Speletaji>
            <Speletajs Loma="A" Uzvards="Debess" Vards="Nils" Nr="9"/>
            <Speletajs Loma="A" Uzvards="Zibens" Vards="Vilhelms" Nr="21"/>
            <Speletajs Loma="V" Uzvards="Rausis" Vards="Vidmants" Nr="22"/>
            <Speletajs Loma="A" Uzvards="Zibens" Vards="Janka" Nr="25"/>
            <Speletajs Loma="U" Uzvards="Palodze" Vards="Rihards" Nr="28"/>
            <Speletajs Loma="A" Uzvards="Paraugs" Vards="Ciltvairis" Nr="30"/>
            <Speletajs Loma="A" Uzvards="Antena" Vards="Bo" Nr="33"/>
            <Speletajs Loma="U" Uzvards="Grants" Vards="Linards" Nr="34"/>
            <Speletajs Loma="U" Uzvards="Rokturis" Vards="Francis" Nr="36"/>
            <Speletajs Loma="A" Uzvards="Svilpe" Vards="Einars" Nr="39"/>
            <Speletajs Loma="V" Uzvards="Zirnis" Vards="Anderss" Nr="41"/>
            <Speletajs Loma="A" Uzvards="Kompass" Vards="Rolands" Nr="44"/>
            <Speletajs Loma="U" Uzvards="Kabacis" Vards="Kens" Nr="47"/>
        </Speletaji>
        <Mainas>
            <Maina Laiks="29:24" Nr1="25" Nr2="44"/>
        </Mainas>
        <Pamatsastavs>
            <Speletajs Nr="9"/>
            <Speletajs Nr="36"/>
            <Speletajs Nr="21"/>
            <Speletajs Nr="39"/>
            <Speletajs Nr="25"/>
            <Speletajs Nr="34"/>
            <Speletajs Nr="30"/>
            <Speletajs Nr="28"/>
            <Speletajs Nr="47"/>
        </Pamatsastavs>
        <Sodi>
            <Sods Laiks="50:57" Nr="36"/>
        </Sodi>
        <Varti>
            <VG Laiks="20:04" Nr="47" Sitiens="N">
                <P Nr="9"/>
                <P Nr="25"/>
            </VG>
            <VG Laiks="35:38" Nr="34" Sitiens="N">
                <P Nr="30"/>
                <P Nr="28"/>
                <P Nr="44"/>
            </VG>
            <VG Laiks="63:21" Nr="39" Sitiens="N">
                <P Nr="34"/>
            </VG>
        </Varti>
    </Komanda>
    <T Uzvards="Antamo" Vards="Dennis"/>
    <T Uzvards="Prompa" Vards="Pedro"/>
    <VT Uzvards="Rausis" Vards="Rihards"/>
</Spele>
