<?xml version="1.0" encoding="UTF-8" standalone="yes"?>
<Spele Laiks="2016/01/19" Skatitaji="6946" Vieta="Newlands Stadium">
    <Komanda Nosaukums="Skolmeistari">
        <Speletaji>
            <Speletajs Loma="A" Uzvards="Debess" Vards="Nils" Nr="9"/>
            <Speletajs Loma="A" Uzvards="Zibens" Vards="Vilhelms" Nr="21"/>
            <Speletajs Loma="V" Uzvards="Rausis" Vards="Vidmants" Nr="22"/>
            <Speletajs Loma="A" Uzvards="Zibens" Vards="Janka" Nr="25"/>
            <Speletajs Loma="U" Uzvards="Palodze" Vards="Rihards" Nr="28"/>
            <Speletajs Loma="A" Uzvards="Paraugs" Vards="Ciltvairis" Nr="30"/>
            <Speletajs Loma="A" Uzvards="Antena" Vards="Bo" Nr="33"/>
            <Speletajs Loma="U" Uzvards="Grants" Vards="Linards" Nr="34"/>
            <Speletajs Loma="U" Uzvards="Rokturis" Vards="Francis" Nr="36"/>
            <Speletajs Loma="A" Uzvards="Svilpe" Vards="Einars" Nr="39"/>
            <Speletajs Loma="V" Uzvards="Zirnis" Vards="Anderss" Nr="41"/>
            <Speletajs Loma="A" Uzvards="Kompass" Vards="Rolands" Nr="44"/>
            <Speletajs Loma="U" Uzvards="Kabacis" Vards="Kens" Nr="47"/>
        </Speletaji>
        <Mainas/>
        <Pamatsastavs>
            <Speletajs Nr="39"/>
            <Speletajs Nr="9"/>
            <Speletajs Nr="33"/>
            <Speletajs Nr="30"/>
            <Speletajs Nr="36"/>
            <Speletajs Nr="28"/>
            <Speletajs Nr="44"/>
            <Speletajs Nr="21"/>
            <Speletajs Nr="22"/>
            <Speletajs Nr="47"/>
        </Pamatsastavs>
        <Sodi>
            <Sods Laiks="13:47" Nr="47"/>
            <Sods Laiks="23:06" Nr="30"/>
        </Sodi>
        <Varti/>
    </Komanda>
    <Komanda Nosaukums="Barcelona">
        <Speletaji>
            <Speletajs Loma="V" Uzvards="Sam" Vards="Sidney" Nr="16"/>
            <Speletajs Loma="A" Uzvards="Cisovsky" Vards="Marian" Nr="17"/>
            <Speletajs Loma="U" Uzvards="Verratti" Vards="Marco" Nr="24"/>
            <Speletajs Loma="A" Uzvards="Hummels" Vards="Mats" Nr="27"/>
            <Speletajs Loma="U" Uzvards="Quintero" Vards="Juan" Nr="33"/>
            <Speletajs Loma="U" Uzvards="Díaz" Vards="Marcelo" Nr="37"/>
            <Speletajs Loma="A" Uzvards="Criscito" Vards="Domenico" Nr="39"/>
            <Speletajs Loma="A" Uzvards="Filip" Vards="Lucian" Nr="55"/>
            <Speletajs Loma="V" Uzvards="Saviola" Vards="Javier" Nr="56"/>
            <Speletajs Loma="A" Uzvards="Streller" Vards="Marco" Nr="64"/>
            <Speletajs Loma="U" Uzvards="Weidenfeller" Vards="Roman" Nr="73"/>
            <Speletajs Loma="A" Uzvards="Amelia" Vards="Marco" Nr="75"/>
            <Speletajs Loma="A" Uzvards="Sandro" Vards="Alex" Nr="84"/>
            <Speletajs Loma="U" Uzvards="Djuricic" Vards="Filip" Nr="89"/>
            <Speletajs Loma="A" Uzvards="Varela" Vards="Silvestre" Nr="94"/>
            <Speletajs Loma="A" Uzvards="Sauro" Vards="Gastón" Nr="96"/>
        </Speletaji>
        <Mainas/>
        <Pamatsastavs>
            <Speletajs Nr="73"/>
            <Speletajs Nr="24"/>
            <Speletajs Nr="27"/>
            <Speletajs Nr="96"/>
            <Speletajs Nr="16"/>
            <Speletajs Nr="89"/>
            <Speletajs Nr="39"/>
            <Speletajs Nr="17"/>
        </Pamatsastavs>
        <Sodi>
            <Sods Laiks="09:20" Nr="73"/>
            <Sods Laiks="29:45" Nr="24"/>
            <Sods Laiks="37:19" Nr="24"/>
        </Sodi>
        <Varti>
            <VG Laiks="18:10" Nr="96" Sitiens="J"/>
        </Varti>
    </Komanda>
    <T Uzvards="Honkanen" Vards="Jukka"/>
    <T Uzvards="Cariolato" Vards="Gianluca"/>
    <VT Uzvards="Prompa" Vards="Pedro"/>
</Spele>
