<?xml version="1.0" encoding="UTF-8" standalone="yes"?>
<Spele Laiks="2016/01/20" Skatitaji="6489" Vieta="Newlands Stadium">
    <Komanda Nosaukums="Veiklie">
        <Speletaji>
            <Speletajs Loma="U" Uzvards="Pitagors" Vards="Saulvedis" Nr="11"/>
            <Speletajs Loma="A" Uzvards="Svilpe" Vards="Janka" Nr="13"/>
            <Speletajs Loma="A" Uzvards="Rums" Vards="Harijs" Nr="16"/>
            <Speletajs Loma="A" Uzvards="Eholots" Vards="Ciltvairis" Nr="18"/>
            <Speletajs Loma="V" Uzvards="Pitagors" Vards="Gints" Nr="27"/>
            <Speletajs Loma="U" Uzvards="Zemene" Vards="Vilhelms" Nr="29"/>
            <Speletajs Loma="U" Uzvards="Pipars" Vards="Tims" Nr="36"/>
            <Speletajs Loma="U" Uzvards="Paraugs" Vards="Ciltvairis" Nr="38"/>
            <Speletajs Loma="A" Uzvards="Draugs" Vards="Saulvedis" Nr="40"/>
            <Speletajs Loma="U" Uzvards="Kompass" Vards="Almonds" Nr="43"/>
            <Speletajs Loma="U" Uzvards="Pudele" Vards="Saulvedis" Nr="52"/>
            <Speletajs Loma="U" Uzvards="Jumts" Vards="Saulvedis" Nr="55"/>
            <Speletajs Loma="U" Uzvards="Rums" Vards="Vidmants" Nr="58"/>
            <Speletajs Loma="A" Uzvards="Zilonis" Vards="Valters" Nr="63"/>
            <Speletajs Loma="U" Uzvards="Skuja" Vards="Armands" Nr="66"/>
            <Speletajs Loma="V" Uzvards="Rokturis" Vards="Igors" Nr="71"/>
        </Speletaji>
        <Mainas/>
        <Pamatsastavs>
            <Speletajs Nr="27"/>
            <Speletajs Nr="58"/>
            <Speletajs Nr="63"/>
            <Speletajs Nr="55"/>
            <Speletajs Nr="43"/>
            <Speletajs Nr="13"/>
            <Speletajs Nr="66"/>
            <Speletajs Nr="52"/>
            <Speletajs Nr="18"/>
            <Speletajs Nr="40"/>
        </Pamatsastavs>
        <Sodi>
            <Sods Laiks="11:31" Nr="18"/>
            <Sods Laiks="24:19" Nr="52"/>
            <Sods Laiks="43:47" Nr="63"/>
        </Sodi>
        <Varti>
            <VG Laiks="08:51" Nr="18" Sitiens="J"/>
            <VG Laiks="36:21" Nr="40" Sitiens="J"/>
            <VG Laiks="57:09" Nr="27" Sitiens="J"/>
        </Varti>
    </Komanda>
    <Komanda Nosaukums="Skolmeistari">
        <Speletaji>
            <Speletajs Loma="A" Uzvards="Debess" Vards="Nils" Nr="9"/>
            <Speletajs Loma="A" Uzvards="Zibens" Vards="Vilhelms" Nr="21"/>
            <Speletajs Loma="V" Uzvards="Rausis" Vards="Vidmants" Nr="22"/>
            <Speletajs Loma="A" Uzvards="Zibens" Vards="Janka" Nr="25"/>
            <Speletajs Loma="U" Uzvards="Palodze" Vards="Rihards" Nr="28"/>
            <Speletajs Loma="A" Uzvards="Paraugs" Vards="Ciltvairis" Nr="30"/>
            <Speletajs Loma="A" Uzvards="Antena" Vards="Bo" Nr="33"/>
            <Speletajs Loma="U" Uzvards="Grants" Vards="Linards" Nr="34"/>
            <Speletajs Loma="U" Uzvards="Rokturis" Vards="Francis" Nr="36"/>
            <Speletajs Loma="A" Uzvards="Svilpe" Vards="Einars" Nr="39"/>
            <Speletajs Loma="V" Uzvards="Zirnis" Vards="Anderss" Nr="41"/>
            <Speletajs Loma="A" Uzvards="Kompass" Vards="Rolands" Nr="44"/>
            <Speletajs Loma="U" Uzvards="Kabacis" Vards="Kens" Nr="47"/>
        </Speletaji>
        <Mainas/>
        <Pamatsastavs>
            <Speletajs Nr="21"/>
            <Speletajs Nr="25"/>
            <Speletajs Nr="28"/>
            <Speletajs Nr="9"/>
            <Speletajs Nr="36"/>
            <Speletajs Nr="41"/>
            <Speletajs Nr="47"/>
            <Speletajs Nr="33"/>
            <Speletajs Nr="34"/>
        </Pamatsastavs>
        <Sodi>
            <Sods Laiks="19:54" Nr="47"/>
        </Sodi>
        <Varti>
            <VG Laiks="31:33" Nr="33" Sitiens="J"/>
            <VG Laiks="52:01" Nr="47" Sitiens="N">
                <P Nr="34"/>
                <P Nr="33"/>
                <P Nr="41"/>
            </VG>
        </Varti>
    </Komanda>
    <T Uzvards="Honkanen" Vards="Jukka"/>
    <T Uzvards="Cariolato" Vards="Gianluca"/>
    <VT Uzvards="Antamo" Vards="Dennis"/>
</Spele>
